date,O-,A-,B-,AB-,O+,A+,B+,AB+
2023-04-28,4.97,11.35,4.08,6.75,5.78,5.83,7.36,10.93
2023-04-30,4.97,11.35,4.08,6.75,5.78,5.83,7.36,10.93
2023-05-02,4.97,11.35,4.08,6.75,5.78,5.83,7.36,10.93
2023-05-05,4.95,11.86,4.08,7.81,6.19,6.11,7.2,10.79
2023-05-08,5.13,11.83,4.26,8.05,6.12,6.02,7.28,11.06
2023-05-09,5.66,12.43,5.47,7.6,6.4,6.44,7.56,12.02
2023-05-14,4.96,11.8,4.56,6.83,5.83,5.98,6.53,11.01
2023-05-15,4.96,11.8,4.56,6.83,5.83,5.98,6.53,11.01
2023-05-16,5.22,12.06,5.36,7.42,5.73,6.19,6.73,11.33
2023-05-18,5.55,11.72,5.91,7.63,5.5,5.76,6.22,11.29
2023-05-20,5.72,12.04,6.1,7.39,5.93,6.1,6.54,11.76
2023-05-23,5.83,12.15,6.28,7.32,6.53,6.51,6.62,12.14
2023-05-25,5.64,11.83,6.28,7.28,6.47,6.2,6.63,11.87
2023-05-26,5.65,12.06,6.0,6.9,6.42,6.27,6.64,11.54
2023-05-31,5.29,12.01,5.66,6.94,6.36,6.47,6.75,11.26
2023-06-01,5.04,11.49,5.31,6.94,6.05,6.13,6.25,10.53
2023-06-02,4.92,11.32,5.45,6.8,6.02,6.06,6.4,10.44
2023-06-05,5.02,11.64,5.59,6.48,6.2,6.27,6.52,10.58
2023-06-06,4.55,11.19,4.93,5.53,5.75,5.78,6.0,9.94
2023-06-07,4.29,11.14,4.72,5.66,5.8,5.88,6.18,10.02
2023-06-08,4.26,11.23,4.8,5.62,5.78,5.9,6.32,9.91
2023-06-12,4.78,11.14,5.49,4.69,5.79,6.04,6.56,10.03
2023-06-13,4.37,11.09,5.51,4.53,5.6,5.88,6.34,10.05
2023-06-14,4.41,11.35,5.51,4.39,5.64,5.98,6.63,9.94
2023-06-16,4.49,11.49,5.56,4.06,5.85,5.99,7.13,10.44
2023-06-18,4.49,11.49,5.56,4.06,5.85,5.99,7.13,10.44
2023-06-20,4.35,11.38,5.24,4.93,5.77,5.84,6.94,10.69
2023-06-21,4.35,11.38,5.24,4.93,5.77,5.84,6.94,10.69
2023-06-23,4.21,11.18,4.38,5.49,5.69,5.59,7.28,10.36
2023-06-24,4.21,11.18,4.38,5.49,5.69,5.59,7.28,10.36
2023-06-25,4.21,11.18,4.38,5.49,5.69,5.59,7.28,10.36
2023-06-28,4.01,11.07,4.17,6.16,5.42,5.45,7.24,10.78
2023-06-29,3.91,10.92,3.87,6.76,5.34,5.4,7.72,10.78
2023-07-03,3.98,11.3,4.15,6.99,5.45,5.57,7.5,11.04
2023-07-06,3.79,11.74,3.91,8.81,5.73,5.95,7.82,11.71
2023-07-07,3.98,11.52,4.44,8.95,5.81,6.0,8.03,11.66
2023-07-10,4.54,11.83,4.98,9.18,5.89,6.16,8.23,12.08
2023-07-11,4.54,11.83,4.98,9.18,5.89,6.16,8.23,12.08
2023-07-12,4.21,11.69,4.85,8.64,5.69,5.81,7.94,12.32
2023-07-13,3.99,11.44,4.51,8.91,5.7,5.82,8.06,12.16
2023-07-14,4.2,11.47,4.6,8.78,5.81,5.9,7.9,12.06
2023-07-15,4.2,11.47,4.6,8.78,5.81,5.9,7.9,12.06
2023-07-17,4.2,11.47,4.6,8.78,5.81,5.9,7.9,12.06
2023-07-18,4.16,11.63,4.66,8.24,5.64,5.97,7.75,12.47
2023-07-20,4.15,11.32,4.48,8.48,5.58,5.91,7.64,12.23
2023-07-21,4.41,11.44,4.93,8.24,5.89,6.17,7.97,12.22
2023-07-26,4.63,11.49,4.38,9.75,6.17,6.56,7.58,12.32
2023-07-29,5.04,11.99,4.67,9.85,6.37,6.98,7.92,12.38
2023-07-30,5.04,11.99,4.67,9.85,6.37,6.98,7.92,12.38
2023-07-31,5.04,11.99,4.67,9.85,6.37,6.98,7.92,12.38
2023-08-02,5.39,12.37,5.34,10.11,6.4,6.97,7.89,12.44
2023-08-03,5.12,12.36,5.46,9.7,6.27,6.88,8.22,12.16
2023-08-04,5.02,11.94,5.39,10.11,6.21,6.86,8.15,12.15
2023-08-06,5.02,11.94,5.39,10.11,6.21,6.86,8.15,12.15
2023-08-07,5.58,11.9,5.93,9.53,6.55,7.31,8.1,11.96
2023-08-08,5.04,11.45,5.15,9.15,6.33,7.08,7.75,11.85
2023-08-10,5.24,12.01,6.07,10.18,6.37,7.36,8.02,12.45
2023-08-11,5.65,12.11,6.8,10.32,6.63,7.78,8.34,12.38
2023-08-12,5.65,12.11,6.8,10.32,6.63,7.78,8.34,12.38
2023-08-13,5.65,12.11,6.8,10.32,6.63,7.78,8.34,12.38
2023-08-14,5.65,12.11,6.8,10.32,6.63,7.78,8.34,12.38
2023-08-15,5.68,11.52,6.33,9.66,6.13,7.61,7.74,12.55
2023-08-16,5.68,11.52,6.33,9.66,6.13,7.61,7.74,12.55
2023-08-17,5.67,11.5,5.67,9.63,6.29,7.66,7.62,12.74
2023-08-18,6.13,12.02,5.74,9.97,6.38,7.7,7.81,12.33
2023-08-19,6.13,12.02,5.74,9.97,6.38,7.7,7.81,12.33
2023-08-20,6.13,12.02,5.74,9.97,6.38,7.7,7.81,12.33
2023-08-21,6.28,12.13,5.63,10.14,6.66,8.04,8.07,12.54
2023-08-22,5.87,11.85,5.33,9.49,6.5,7.79,7.76,12.67
2023-08-23,5.73,11.8,4.79,9.29,6.34,7.62,7.61,12.23
2023-08-24,5.77,11.63,4.69,9.29,6.4,7.71,7.65,12.02
2023-08-25,5.8,11.62,5.31,9.18,6.58,7.69,7.92,11.61
2023-08-26,5.8,11.62,5.31,9.18,6.58,7.69,7.92,11.61
2023-08-27,5.8,11.62,5.31,9.18,6.58,7.69,7.92,11.61
2023-08-28,5.8,11.62,5.31,9.18,6.58,7.69,7.92,11.61
2023-08-29,5.8,11.62,5.31,9.18,6.58,7.69,7.92,11.61
2023-08-30,5.65,11.77,5.56,9.63,6.64,7.89,8.21,11.02
2023-08-31,5.27,11.18,4.5,9.25,6.41,7.54,7.73,10.78
2023-09-01,5.55,11.59,4.33,9.56,6.75,8.06,7.64,10.6
2023-09-02,5.55,11.59,4.33,9.56,6.75,8.06,7.64,10.6
2023-09-03,5.55,11.59,4.33,9.56,6.75,8.06,7.64,10.6
2023-09-04,5.55,11.59,4.33,9.56,6.75,8.06,7.64,10.6
2023-09-05,5.5,12.19,4.86,10.4,6.86,8.2,7.45,10.54
2023-09-06,5.5,12.19,4.86,10.4,6.86,8.2,7.45,10.54
2023-09-07,5.41,12.21,5.21,10.29,7.18,8.22,7.62,10.7
2023-09-08,5.48,12.27,5.02,10.07,7.17,8.26,7.49,10.55
2023-09-09,5.48,12.27,5.02,10.07,7.17,8.26,7.49,10.55
2023-09-10,5.48,12.27,5.02,10.07,7.17,8.26,7.49,10.55
2023-09-11,5.48,12.27,5.02,10.07,7.17,8.26,7.49,10.55
2023-09-12,5.11,11.57,4.12,10.03,6.8,7.87,7.2,10.65
2023-09-13,5.03,11.43,4.04,10.03,6.61,7.79,7.23,10.38
2023-09-14,5.03,11.43,4.04,10.03,6.61,7.79,7.23,10.38
2023-09-15,4.9,11.97,4.09,10.18,6.7,7.95,7.36,10.36
2023-09-16,4.9,11.97,4.09,10.18,6.7,7.95,7.36,10.36
2023-09-17,4.9,11.97,4.09,10.18,6.7,7.95,7.36,10.36
2023-09-18,4.94,11.91,4.19,10.26,6.72,8.16,7.32,10.06
2023-09-19,4.94,11.91,4.19,10.26,6.72,8.16,7.32,10.06
2023-09-20,4.65,11.26,3.77,10.07,6.74,8.11,7.16,10.33
2023-09-21,4.89,11.37,4.19,9.96,7.05,8.47,7.48,10.97
2023-09-22,5.02,11.49,4.6,10.18,7.1,8.66,7.66,10.54
2023-09-23,5.02,11.49,4.6,10.18,7.1,8.66,7.66,10.54
2023-09-24,5.02,11.49,4.6,10.18,7.1,8.66,7.66,10.54
2023-09-25,4.91,11.33,3.89,10.15,6.96,8.32,7.5,9.99
2023-09-26,5.0,11.38,4.09,9.81,67.15,8.45,7.84,10.56
2023-09-27,4.74,11.11,4.05,10.07,7.02,8.41,7.94,10.38
2023-09-28,4.74,11.11,4.05,10.07,7.02,8.41,7.94,10.38
2023-09-29,4.42,11.19,4.37,9.45,6.99,8.27,8.08,10.02
2023-09-30,4.42,11.19,4.37,9.45,6.99,8.27,8.08,10.02
2023-10-01,4.42,11.19,4.37,9.45,6.99,8.27,8.08,10.02
2023-10-02,4.42,11.19,4.37,9.45,6.99,8.27,8.08,10.02
2023-10-03,3.89,10.6,3.95,9.06,6.31,7.59,7.82,9.94
2023-10-04,3.67,10.76,4.26,9.36,6.64,7.73,8.0,10.04
2023-10-05,3.63,10.95,3.91,9.53,6.74,7.89,8.05,10.57
2023-10-06,3.68,10.91,4.17,8.79,6.78,7.95,8.16,10.78
2023-10-07,3.68,10.91,4.17,8.79,6.78,7.95,8.16,10.78
2023-10-08,3.68,10.91,4.17,8.79,6.78,7.95,8.16,10.78
2023-10-09,4.17,10.81,4.39,8.22,6.86,7.99,7.85,10.92
2023-10-10,4.17,10.81,4.39,8.22,6.86,7.99,7.85,10.92
2023-10-11,3.54,10.48,3.43,7.75,6.73,7.72,7.92,11.27
2023-10-12,3.3,10.43,3.05,7.17,6.73,7.7,7.86,11.37
2023-10-13,3.29,10.57,3.1,7.01,6.68,7.61,7.65,11.44
2023-10-14,3.29,10.57,3.1,7.01,6.68,7.61,7.65,11.44
2023-10-15,3.29,10.57,3.1,7.01,6.68,7.61,7.65,11.44
2023-10-16,3.21,10.83,3.56,7.07,6.56,7.67,7.57,11.5
2023-10-17,2.98,10.62,3.18,6.67,6.45,7.69,7.58,11.55
2023-10-18,2.8,10.56,3.24,6.43,6.5,7.69,7.68,11.73
2023-10-19,2.73,10.84,3.11,6.0,6.38,7.68,7.81,11.67
2023-10-20,2.83,10.76,3.41,5.93,6.38,7.84,7.74,11.73
2023-10-21,2.83,10.76,3.41,5.93,6.38,7.84,7.74,11.73
2023-10-22,2.83,10.76,3.41,5.93,6.38,7.84,7.74,11.73
2023-10-23,2.89,10.6,3.69,6.1,6.22,7.58,7.23,11.29
2023-10-24,2.67,10.52,3.97,5.63,6.29,7.64,7.18,11.41
2023-10-25,2.67,10.52,3.97,5.63,6.29,7.64,7.18,11.41
2023-10-26,2.37,10.66,3.85,5.36,6.02,7.69,6.86,11.69
2023-10-27,2.63,10.55,4.37,5.32,5.98,7.69,7.01,12.05
2023-10-28,2.63,10.55,4.37,5.32,5.98,7.69,7.01,12.05
2023-10-29,2.63,10.55,4.37,5.32,5.98,7.69,7.01,12.05
2023-10-30,2.63,10.55,4.37,5.32,5.98,7.69,7.01,12.05
2023-10-31,2.9,10.9,4.9,5.1,5.9,7.7,6.5,11.9
2023-11-01,2.9,10.9,4.9,5.1,5.9,7.7,6.5,11.9
2023-11-02,2.9,10.9,4.9,5.1,5.9,7.7,6.5,11.9
2023-11-03,2.9,10.9,4.9,5.1,5.9,7.7,6.5,11.9
2023-11-04,3.1,10.8,5.2,5.7,6.0,7.6,6.5,12.4
2023-11-05,3.1,10.8,5.2,5.7,6.0,7.6,6.5,12.4
2023-11-06,3.1,10.8,5.2,5.7,6.0,7.6,6.5,12.4
2023-11-07,3.2,11.0,5.7,5.9,5.9,7.8,6.6,12.0
2023-11-08,3.2,11.0,5.7,5.9,5.9,7.8,6.6,12.0
2023-11-09,3.0,11.1,6.1,5.8,6.1,7.9,7.1,12.2
2023-11-10,3.0,11.1,6.1,5.8,6.1,7.9,7.1,12.2
2023-11-11,3.1,11.2,5.9,6.2,6.0,7.9,6.9,11.2
2023-11-12,3.1,11.2,5.9,6.2,6.0,7.9,6.9,11.2
2023-11-13,3.1,11.2,5.9,6.2,6.0,7.9,6.9,11.2
2023-11-14,3.1,11.1,6.4,6.0,5.8,7.6,6.6,10.8
2023-11-15,3.1,11.1,6.4,6.0,5.8,7.6,6.6,10.8
2023-11-16,3.1,11.1,6.4,6.0,5.8,7.6,6.6,10.8
2023-11-17,3.1,11.1,6.4,6.0,5.8,7.6,6.6,10.8
2023-11-18,3.6,11.6,6.5,5.5,6.0,7.8,7.3,11.7
2023-11-19,3.6,11.6,6.5,5.5,6.0,7.8,7.3,11.7
2023-11-20,3.6,11.6,6.5,5.5,6.0,7.8,7.3,11.7
2023-11-21,4.1,11.6,6.6,5.8,6.1,7.9,7.2,11.2
2023-11-22,4.1,11.6,6.6,5.8,6.1,7.9,7.2,11.2
2023-11-23,3.6,11.0,5.6,4.9,6.0,7.8,7.1,11.5
2023-11-24,3.6,11.0,5.6,4.9,6.0,7.8,7.1,11.5
2023-11-25,3.6,11.0,5.6,4.9,6.0,7.8,7.1,11.5
2023-11-26,3.6,11.0,5.6,4.9,6.0,7.8,7.1,11.5
2023-11-27,3.6,11.0,5.6,4.9,6.0,7.8,7.1,11.5
2023-11-28,3.6,11.0,5.6,4.9,6.0,7.8,7.1,11.5
2023-11-29,3.6,11.0,5.6,4.9,6.0,7.8,7.1,11.5
2023-11-30,3.8,11.2,5.3,4.1,5.6,7.9,6.6,4.1
2023-12-01,3.8,11.2,5.3,4.1,5.6,7.9,6.6,4.1
2023-12-02,3.8,11.2,5.3,4.1,5.6,7.9,6.6,4.1
2023-12-03,3.8,11.2,5.3,4.1,5.6,7.9,6.6,4.1
2023-12-04,4.5,12.3,6.1,6.2,5.9,8.5,7.1,12.9
2023-12-05,4.5,12.3,6.1,6.2,5.9,8.5,7.1,12.9
2023-12-06,4.5,12.3,6.1,6.2,5.9,8.5,7.1,12.9
2023-12-07,4.2,12.8,5.5,6.8,6.1,8.7,7.2,13.3
2023-12-08,4.2,12.8,5.5,6.8,6.1,8.7,7.2,13.3
2023-12-09,4.2,12.8,5.5,6.8,6.1,8.7,7.2,13.3
2023-12-10,4.2,12.8,5.5,6.8,6.1,8.7,7.2,13.3
2023-12-11,4.2,12.8,5.5,6.8,6.1,8.7,7.2,13.3
2023-12-12,4.4,13.0,5.3,6.8,5.8,8.4,6.8,13.2
2023-12-13,4.4,13.0,5.3,6.8,5.8,8.4,6.8,13.2
2023-12-14,3.9,12.5,4.2,6.7,5.6,8.1,6.7,12.8
2023-12-15,3.9,12.5,4.2,6.7,5.6,8.1,6.7,12.8
2023-12-16,4.0,12.7,4.5,7.0,5.5,8.1,6.8,12.9
2023-12-17,4.0,12.7,4.5,7.0,5.5,8.1,6.8,12.9
2023-12-18,4.0,12.7,4.5,7.0,5.5,8.1,6.8,12.9
2023-12-19,4.0,12.7,4.5,7.0,5.5,8.1,6.8,12.9
2023-12-20,4.0,12.7,4.5,7.0,5.5,8.1,6.8,12.9
2023-12-21,4.0,12.7,4.5,7.0,5.5,8.1,6.8,12.9
2023-12-22,4.0,12.7,4.5,7.0,5.5,8.1,6.8,12.9
2023-12-23,4.0,12.7,4.5,7.0,5.5,8.1,6.8,12.9
2023-12-24,4.0,12.7,4.5,7.0,5.5,8.1,6.8,12.9
2023-12-25,4.0,12.7,4.5,7.0,5.5,8.1,6.8,12.9
2023-12-26,4.0,12.7,4.5,7.0,5.5,8.1,6.8,12.9
2023-12-27,4.0,12.7,4.5,7.0,5.5,8.1,6.8,12.9
2023-12-28,3.9,12.8,4.2,10.3,5.9,8.6,7.8,14.1
2023-12-29,3.9,12.8,4.2,10.3,5.9,8.6,7.8,14.1
2023-12-30,3.9,12.8,4.2,10.3,5.9,8.6,7.8,14.1
2023-12-31,3.9,12.8,4.2,10.3,5.9,8.6,7.8,14.1
2024-01-01,3.9,12.8,4.2,10.3,5.9,8.6,7.8,14.1
2024-01-02,3.9,12.8,4.2,10.3,5.9,8.6,7.8,14.1
2024-01-03,3.0,11.2,3.2,8.3,5.1,7.4,7.6,12.8
2024-01-04,2.4,11.1,3.2,7.7,5.0,7.0,7.5,12.4
2024-01-05,2.4,11.1,3.2,7.7,5.0,7.0,7.5,12.4
2024-01-06,2.2,10.7,3.0,6.8,4.9,6.6,7.9,12.2
2024-01-07,2.2,10.7,3.0,6.8,4.9,6.6,7.9,12.2
2024-01-08,2.2,10.7,3.0,6.8,4.9,6.6,7.9,12.2
2024-01-09,2.6,11.1,3.6,7.5,5.1,6.9,8.1,12.6
2024-01-10,2.6,11.1,3.6,7.5,5.1,6.9,8.1,12.6
2024-01-11,2.6,12.1,4.1,8.0,5.8,13.6,8.7,13.6
2024-01-12,2.6,12.1,4.1,8.0,5.8,13.6,8.7,13.6
2024-01-13,2.9,12.6,4.3,8.1,6.0,7.4,8.6,13.7
2024-01-14,2.9,12.6,4.3,8.1,6.0,7.4,8.6,13.7
2024-01-15,2.9,12.6,4.3,8.1,6.0,7.4,8.6,13.7
2024-01-16,2.9,12.5,3.8,7.7,5.7,7.2,8.1,13.2
2024-01-17,2.9,12.5,3.8,7.7,5.7,7.2,8.1,13.2
2024-01-18,2.9,12.5,3.8,7.7,5.7,7.2,8.1,13.2
2024-01-19,2.7,12.5,3.4,7.8,5.8,7.5,7.9,13.0
2024-01-20,3.0,13.0,3.5,7.2,6.1,7.6,7.9,11.9
2024-01-21,3.0,13.0,3.5,7.2,6.1,7.6,7.9,11.9
2024-01-22,3.0,13.0,3.5,7.2,6.1,7.6,7.9,11.9
2024-01-23,3.1,13.3,3.1,7.3,5.8,7.5,7.5,11.3
2024-01-24,3.1,13.3,3.1,7.3,5.8,7.5,7.5,11.3
2024-01-25,3.3,13.3,2.5,7.5,6.1,7.7,7.3,10.6
2024-01-26,3.1,13.0,2.4,7.3,5.8,7.5,7.3,11.4
2024-01-27,3.1,13.0,2.4,7.3,5.8,7.5,7.3,11.4
2024-01-28,3.1,13.0,2.4,7.3,5.8,7.5,7.3,11.4
2024-01-29,3.1,13.0,2.4,7.3,5.8,7.5,7.3,11.4
2024-01-30,3.4,12.7,2.5,7.0,5.5,7.2,6.9,11.2
2024-01-31,3.4,12.7,2.5,7.0,5.5,7.2,6.9,11.2
2024-02-01,2.9,13.1,2.9,6.4,5.7,7.2,7.0,11.8
2024-02-02,2.9,13.1,2.9,6.4,5.7,7.2,7.0,11.8
2024-02-03,2.9,13.1,2.9,6.4,5.7,7.2,7.0,11.8
2024-02-04,2.9,13.1,2.9,6.4,5.7,7.2,7.0,11.8
2024-02-05,3.0,13.5,3.4,6.3,5.9,7.1,7.2,12.0
2024-02-06,2.9,13.5,3.2,6.4,5.5,6.9,7.3,11.6
2024-02-07,2.9,13.5,3.2,6.4,5.5,6.9,7.3,11.6
2024-02-08,2.8,13.6,3.4,5.7,5.6,6.9,7.3,11.5
2024-02-09,2.8,13.6,3.4,5.7,5.6,6.9,7.3,11.5
2024-02-10,2.8,13.6,3.4,5.7,5.6,6.9,7.3,11.5
2024-02-11,2.8,13.6,3.4,5.7,5.6,6.9,7.3,11.5
2024-02-12,3.0,13.8,3.6,6.1,5.7,7.0,7.1,11.3
2024-02-13,3.2,13.5,3.9,5.5,5.5,6.6,6.7,10.8
2024-02-14,3.2,13.5,3.9,5.5,5.5,6.6,6.7,10.8
2024-02-15,2.7,13.7,4.3,5.3,5.6,6.5,6.9,10.5
2024-02-16,2.7,13.7,4.3,5.3,5.6,6.5,6.9,10.5
2024-02-17,2.9,13.6,4.2,5.9,5.5,6.3,6.8,10.6
2024-02-18,2.9,13.6,4.2,5.9,5.5,6.3,6.8,10.6
2024-02-19,2.9,13.6,4.2,5.9,5.5,6.3,6.8,10.6
2024-02-20,2.9,13.8,4.2,5.7,5.4,6.2,6.7,10.3
2024-02-21,2.9,13.8,4.2,5.7,5.4,6.2,6.7,10.3
2024-02-22,2.6,13.3,3.9,4.9,5.4,6.1,6.6,9.8
2024-02-23,2.6,13.3,3.9,4.9,5.4,6.1,6.6,9.8
2024-02-24,2.6,13.3,3.9,4.9,5.4,6.1,6.6,9.8
2024-02-25,2.6,13.3,3.9,4.9,5.4,6.1,6.6,9.8
2024-02-26,2.6,13.3,3.9,4.9,5.4,6.1,6.6,9.8
2024-02-27,3.1,13.3,4.6,4.7,5.1,6.1,7.0,10.2
2024-02-28,3.1,13.3,4.6,4.7,5.1,6.1,7.0,10.2
2024-02-29,2.6,13.1,4.4,4.8,5.2,6.0,7.3,9.8
2024-03-01,2.6,13.1,4.4,4.8,5.2,6.0,7.3,9.8
2024-03-02,2.6,13.1,4.4,4.8,5.2,6.0,7.3,9.8
2024-03-03,2.6,13.1,4.4,4.8,5.2,6.0,7.3,9.8
2024-03-04,2.6,13.1,4.4,4.8,5.2,6.0,7.3,9.8
2024-03-05,3.0,13.7,5.0,4.8,5.1,6.0,7.1,10.0
2024-03-06,3.0,13.7,5.0,4.8,5.1,6.0,7.1,10.0
2024-03-07,2.4,13.1,4.4,4.3,4.8,5.9,6.9,10.2
2024-03-08,2.4,13.1,4.4,4.3,4.8,5.9,6.9,10.2
2024-03-09,2.9,13.8,4.6,6.1,4.9,6.0,7.0,11.7
2024-03-10,2.9,13.8,4.6,6.1,4.9,6.0,7.0,11.7
2024-03-11,2.9,13.8,4.6,6.1,4.9,6.0,7.0,11.7
2024-03-12,3.2,13.9,4.6,5.2,4.8,6.0,7.0,11.7
2024-03-13,2.7,13.2,4.3,4.5,4.1,5.3,6.2,10.7
2024-03-14,2.7,13.2,4.3,4.5,4.1,5.3,6.2,10.7
2024-03-15,2.7,13.2,4.3,4.5,4.1,5.3,6.2,10.7
2024-03-16,2.7,13.2,4.3,4.5,4.1,5.3,6.2,10.7
2024-03-17,2.7,13.2,4.3,4.5,4.1,5.3,6.2,10.7
2024-03-18,2.7,13.2,4.3,4.5,4.1,5.3,6.2,10.7
2024-03-19,2.9,13.0,4.6,7.1,4.1,5.5,6.0,11.5
2024-03-20,2.9,13.0,4.6,7.1,4.1,5.5,6.0,11.5
2024-03-21,2.4,12.6,3.8,8.8,3.9,5.0,5.9,11.8
2024-03-22,2.6,12.3,3.8,8.8,3.6,4.9,5.9,11.8
2024-03-23,2.6,12.3,3.8,8.8,3.6,4.9,5.9,11.8
2024-03-24,2.6,12.3,3.8,8.8,3.6,4.9,5.9,11.8
2024-03-25,2.6,12.3,3.8,8.8,3.6,4.9,5.9,11.8
2024-03-26,2.5,12.3,3.6,8.4,3.5,4.9,6.0,12.0
2024-03-27,2.5,12.3,3.6,8.4,3.5,4.9,6.0,12.0
2024-03-28,2.5,11.8,3.5,9.3,3.6,4.8,6.1,11.9
2024-03-29,2.5,11.8,3.5,9.3,3.6,4.8,6.1,11.9
2024-03-30,2.5,11.8,3.5,9.3,3.6,4.8,6.1,11.9
2024-03-31,2.5,11.8,3.5,9.3,3.6,4.8,6.1,11.9
2024-04-01,2.5,11.8,3.5,9.3,3.6,4.8,6.1,11.9
2024-04-02,2.5,11.8,3.5,9.3,3.6,4.8,6.1,11.9
2024-04-03,2.5,11.8,3.5,9.3,3.6,4.8,6.1,11.9
2024-04-04,2.7,12.9,4.5,9.7,4.3,5.6,6.8,13.2
2024-04-05,2.7,12.9,4.5,9.7,4.3,5.6,6.8,13.2
2024-04-06,2.7,12.9,4.5,9.7,4.3,5.6,6.8,13.2
2024-04-07,2.7,12.9,4.5,9.7,4.3,5.6,6.8,13.2
2024-04-08,2.7,12.9,4.5,9.7,4.3,5.6,6.8,13.2
2024-04-09,2.4,12.0,3.4,8.4,3.5,4.7,5.9,12.3
2024-04-10,2.4,12.2,3.7,8.5,3.7,5.0,6.0,12.1
2024-04-11,2.4,12.2,3.7,8.5,3.7,5.0,6.0,12.1
2024-04-12,2.7,12.6,4.0,8.7,4.0,5.4,6.3,12.4
2024-04-13,2.7,12.6,4.0,8.7,4.0,5.4,6.3,12.4
2024-04-14,2.7,12.6,4.0,8.7,4.0,5.4,6.3,12.4
2024-04-15,2.7,12.6,4.0,8.7,4.0,5.4,6.3,12.4
2024-04-16,3.1,12.9,4.1,8.5,4.2,5.3,6.3,11.7
2024-04-17,3.1,12.9,4.1,8.5,4.2,5.3,6.3,11.7
2024-04-18,2.7,12.8,3.5,7.7,4.2,5.3,6.1,11.1
2024-04-19,2.7,12.8,3.5,7.7,4.2,5.3,6.1,11.1
2024-04-20,2.7,12.8,3.5,7.7,4.2,5.3,6.1,11.1
2024-04-21,2.7,12.8,3.5,7.7,4.2,5.3,6.1,11.1
2024-04-22,3.1,13.5,3.8,6.2,4.4,5.5,6.2,11.2
2024-04-23,3.1,13.5,3.8,6.2,4.4,5.5,6.2,11.2
2024-04-24,2.8,13.6,3.2,5.8,4.7,5.6,6.8,11.5
2024-04-25,2.8,13.6,3.2,5.8,4.7,5.6,6.8,11.5
2024-04-26,3.2,14.1,3.1,5.1,4.8,5.8,7.0,11.7
2024-04-27,3.2,14.1,3.1,5.1,4.8,5.8,7.0,11.7
2024-04-28,3.2,14.1,3.1,5.1,4.8,5.8,7.0,11.7
2024-04-29,3.2,14.1,3.1,5.1,4.8,5.8,7.0,11.7
2024-04-30,3.7,14.3,3.7,4.5,5.0,6.0,7.0,11.5
2024-05-01,3.7,14.3,3.7,4.5,5.0,6.0,7.0,11.5
2024-05-02,3.2,13.9,3.2,3.5,4.7,5.6,7.4,11.7
2024-05-03,3.2,13.9,3.2,3.5,4.7,5.6,7.4,11.7
2024-05-04,3.2,13.8,3.0,4.8,4.4,5.5,7.3,11.9
2024-05-05,3.2,13.8,3.0,4.8,4.4,5.5,7.3,11.9
2024-05-06,3.2,13.8,3.0,4.8,4.4,5.5,7.3,11.9
2024-05-07,3.2,13.8,3.0,4.8,4.4,5.5,7.3,11.9
2024-05-08,3.2,13.8,3.4,5.6,4.8,6.0,7.6,12.2
2024-05-09,3.2,13.8,3.4,5.6,4.8,6.0,7.6,12.2
2024-05-10,3.2,13.8,3.4,5.6,4.8,6.0,7.6,12.2
2024-05-11,2.7,13.0,2.6,4.8,4.1,5.4,6.7,11.6
2024-05-12,2.7,13.0,2.6,4.8,4.1,5.4,6.7,11.6
2024-05-13,2.7,13.0,2.6,4.8,4.1,5.4,6.7,11.6
2024-05-14,2.9,12.7,3.1,5.1,3.6,5.2,6.6,11.8
2024-05-15,2.9,12.7,3.1,5.1,3.6,5.2,6.6,11.8
2024-05-16,2.4,12.4,2.6,5.8,3.7,4.9,6.5,11.9
2024-05-17,2.9,12.7,3.6,5.7,3.9,5.2,6.9,11.9
2024-05-18,2.9,12.7,3.6,5.7,3.9,5.2,6.9,11.9
2024-05-19,2.9,12.7,3.6,5.7,3.9,5.2,6.9,11.9
2024-05-20,2.9,12.7,3.6,5.7,3.9,5.2,6.9,11.9
2024-05-21,2.8,12.3,3.3,5.8,3.4,4.9,6.3,11.8
2024-05-22,2.6,12.0,3.3,6.4,3.6,4.8,6.4,11.4
2024-05-23,2.6,12.0,3.3,6.4,3.6,4.8,6.4,11.4
2024-05-24,2.6,12.0,3.3,6.4,3.6,4.8,6.4,11.4
2024-05-25,2.5,12.1,3.6,6.4,3.5,4.6,6.2,11.8
2024-05-26,2.5,12.1,3.6,6.4,3.5,4.6,6.2,11.8
2024-05-27,2.5,12.1,3.6,6.4,3.5,4.6,6.2,11.8
2024-05-28,2.5,12.1,3.6,6.4,3.5,4.6,6.2,11.8
2024-05-29,2.5,12.1,3.6,6.4,3.5,4.6,6.2,11.8
2024-05-30,2.6,12.4,4.0,5.9,3.8,4.7,6.4,11.7
2024-05-31,2.6,12.4,4.0,5.9,3.8,4.7,6.4,11.7
2024-06-01,2.6,11.5,3.3,5.4,3.6,4.2,6.0,11.0
2024-06-02,2.6,11.5,3.3,5.4,3.6,4.2,6.0,11.0
2024-06-03,2.4,10.8,3.3,4.3,3.1,4.0,5.5,10.2
2024-06-04,2.4,10.8,3.3,4.3,3.1,4.0,5.5,10.2
2024-06-05,2.0,11.0,3.0,3.7,3.4,4.1,5.9,10.6
2024-06-06,2.0,11.0,3.0,3.7,3.4,4.1,5.9,10.6
2024-06-07,2.0,11.0,3.0,3.7,3.4,4.1,5.9,10.6
2024-06-08,2.4,11.2,3.1,4.3,3.6,4.6,5.9,10.6
2024-06-09,2.4,11.2,3.1,4.3,3.6,4.6,5.9,10.6
2024-06-10,2.4,11.0,3.0,4.0,3.4,4.4,6.2,10.7
2024-06-11,2.4,11.0,3.0,4.0,3.4,4.4,6.2,10.7
2024-06-12,2.4,11.0,3.0,4.0,3.4,4.4,6.2,10.7
2024-06-13,2.1,10.7,2.4,3.9,3.2,4.2,5.9,10.6
2024-06-14,2.1,10.7,2.4,3.9,3.2,4.2,5.9,10.6
2024-06-15,2.6,10.78,2.5,4.6,3.6,4.6,6.1,10.8
2024-06-16,2.6,10.78,2.5,4.6,3.6,4.6,6.1,10.8
2024-06-17,2.6,10.78,2.5,4.6,3.6,4.6,6.1,10.8
2024-06-18,2.8,10.7,2.4,4.9,4.0,4.4,5.9,10.8
2024-06-19,2.8,10.7,2.4,4.9,4.0,4.4,5.9,10.8
2024-06-20,2.8,10.7,2.5,4.6,4.3,4.3,6.1,10.4
2024-06-21,3.1,10.6,2.6,4.9,4.3,4.3,6.1,10.5
2024-06-22,3.1,10.6,2.6,4.9,4.3,4.3,6.1,10.5
2024-06-23,3.1,10.6,2.6,4.9,4.3,4.3,6.1,10.5
2024-06-24,3.1,10.6,2.6,4.9,4.3,4.3,6.1,10.5
2024-06-25,3.48,10.92,3.67,4.42,4.74,4.7,6.47,10.97
2024-06-26,2.93,10.52,3.78,5.03,4.77,4.37,6.13,10.95
2024-06-27,2.93,10.52,3.78,5.03,4.77,4.37,6.13,10.95
2024-06-28,2.93,10.52,3.78,5.03,4.77,4.37,6.13,10.95
2024-06-29,2.93,10.52,3.78,5.03,4.77,4.37,6.13,10.95
2024-06-30,2.93,10.52,3.78,5.03,4.77,4.37,6.13,10.95
2024-07-01,3.13,10.79,4.47,4.79,4.8,4.42,6.14,11.18
2024-07-02,3.13,10.79,4.47,4.79,4.8,4.42,6.14,11.18
2024-07-03,2.67,10.5,3.75,5.27,4.65,4.4,6.2,11.14
2024-07-04,2.67,10.5,3.75,5.27,4.65,4.4,6.2,11.14
2024-07-05,2.67,10.5,3.75,5.27,4.65,4.4,6.2,11.14
2024-07-06,2.67,10.5,3.75,5.27,4.65,4.4,6.2,11.14
2024-07-07,2.67,10.5,3.75,5.27,4.65,4.4,6.2,11.14
2024-07-08,2.66,10.99,3.37,5.64,4.48,4.6,5.98,11.33
2024-07-09,2.66,10.99,3.37,5.64,4.48,4.6,5.98,11.33
2024-07-10,2.66,10.99,3.37,5.64,4.48,4.6,5.98,11.33
2024-07-11,2.29,10.86,3.37,5.93,4.25,4.47,5.87,10.99
2024-07-12,2.29,10.86,3.37,5.93,4.25,4.47,5.87,10.99
2024-07-13,2.16,10.74,3.72,6.23,4.29,4.65,5.8,11.21
2024-07-14,2.16,10.74,3.72,6.23,4.29,4.65,5.8,11.21
2024-07-15,2.16,10.74,3.72,6.23,4.29,4.65,5.8,11.21
2024-07-16,1.8,10.4,3.6,8.4,3.9,4.7,5.6,10.8
2024-07-17,1.8,10.4,3.6,8.4,3.9,4.7,5.6,10.8
2024-07-18,2.01,10.89,3.35,5.86,4.35,4.71,5.75,11.18
2024-07-19,2.01,10.89,3.35,5.86,4.35,4.71,5.75,11.18
2024-07-20,2.0,10.59,3.11,5.56,3.99,4.55,5.84,11.02
2024-07-21,2.0,10.59,3.11,5.56,3.99,4.55,5.84,11.02
2024-07-22,2.0,10.59,3.11,5.56,3.99,4.55,5.84,11.02
2024-07-23,1.7,10.03,3.12,5.38,3.54,4.29,5.62,10.79
2024-07-24,1.7,10.03,3.12,5.38,3.54,4.29,5.62,10.79
2024-07-25,1.57,10.28,3.13,5.05,3.46,4.39,5.51,11.32
2024-07-26,2.04,10.72,3.19,5.56,3.74,4.74,5.66,11.42
2024-07-27,2.04,10.72,3.19,5.56,3.74,4.74,5.66,11.42
2024-07-28,2.04,10.72,3.19,5.56,3.74,4.74,5.66,11.42
2024-07-29,2.88,10.55,3.44,5.3,3.97,4.72,5.93,11.53
2024-07-30,2.88,10.55,3.44,5.3,3.97,4.72,5.93,11.53
2024-07-31,2.65,10.68,3.51,5.05,4.16,4.83,6.13,11.41
2024-08-01,3.15,11.3,3.15,5.02,4.58,5.19,6.73,11.96
2024-08-02,3.37,11.39,3.29,4.86,4.69,5.17,6.84,11.97
2024-08-03,3.37,11.39,3.29,4.86,4.69,5.17,6.84,11.97
2024-08-04,3.37,11.39,3.29,4.86,4.69,5.17,6.84,11.97
2024-08-05,4.5,11.75,4.06,5.21,5.51,5.6,7.06,12.16
2024-08-06,4.4,11.7,3.46,5.28,5.61,5.33,6.87,11.86
2024-08-07,4.69,11.44,3.24,4.9,5.63,5.13,6.62,11.41
2024-08-08,5.01,11.84,2.98,5.51,6.13,5.56,6.99,12.14
2024-08-09,5.01,11.84,2.98,5.51,6.13,5.56,6.99,12.14
2024-08-10,5.4,12.2,3.5,5.6,5.9,5.7,7.1,12.3
2024-08-11,5.4,12.2,3.5,5.6,5.9,5.7,7.1,12.3
2024-08-12,5.4,12.2,3.5,5.6,5.9,5.7,7.1,12.3
2024-08-13,6.5,12.9,3.9,5.9,6.6,6.1,7.4,13.1
2024-08-14,6.0,12.6,3.1,5.7,6.3,5.9,6.9,13.0
2024-08-15,6.0,12.8,2.5,5.6,6.6,6.0,7.1,12.8
2024-08-16,6.0,12.9,2.5,5.6,6.8,6.0,7.3,12.6
2024-08-17,6.0,12.9,2.5,5.6,6.8,6.0,7.3,12.6
2024-08-18,6.0,12.9,2.5,5.6,6.8,6.0,7.3,12.6
2024-08-19,7.04,13.82,3.38,5.48,7.31,6.48,7.67,12.96
2024-08-20,6.94,13.82,3.25,4.86,7.37,6.6,7.51,12.66
2024-08-21,6.61,13.74,3.38,5.25,7.47,6.65,7.55,12.8
2024-08-22,6.75,13.86,3.38,5.48,7.47,6.73,7.66,12.45
2024-08-23,6.8,14.12,3.4,5.82,7.6,6.86,7.76,12.62
2024-08-24,6.8,14.12,3.4,5.82,7.6,6.86,7.76,12.62
2024-08-25,6.8,14.12,3.4,5.82,7.6,6.86,7.76,12.62
2024-08-26,6.8,14.12,3.4,5.82,7.6,6.86,7.76,12.62
2024-08-27,7.74,15.21,4.7,7.16,8.45,7.92,8.49,13.42
2024-08-28,7.37,15.18,4.78,6.7,8.27,7.75,8.35,12.96
2024-08-29,7.07,14.85,4.65,6.85,7.93,7.58,8.16,12.82
2024-08-30,7.08,14.86,4.91,7.08,7.91,7.57,8.27,12.6
2024-08-31,7.08,14.86,4.91,7.08,7.91,7.57,8.27,12.6
2024-09-01,7.08,14.86,4.91,7.08,7.91,7.57,8.27,12.6
2024-09-02,7.27,14.46,5.55,6.67,7.5,7.46,7.81,12.67
2024-09-03,7.27,14.46,5.55,6.67,7.5,7.46,7.81,12.67
2024-09-04,6.28,14.53,5.11,6.85,7.63,7.4,7.88,12.49
2024-09-05,6.44,14.81,5.16,6.74,7.69,7.64,7.99,12.52
2024-09-06,6.44,14.81,5.16,6.74,7.69,7.64,7.99,12.52
2024-09-07,6.37,14.94,5.34,6.74,7.89,7.84,7.99,12.59
2024-09-08,6.37,14.94,5.34,6.74,7.89,7.84,7.99,12.59
2024-09-09,7.13,15.63,5.78,7.23,8.55,8.65,8.76,13.71
2024-09-10,6.7,15.31,5.96,6.78,8.24,8.42,8.52,13.42
2024-09-11,6.7,15.31,5.96,6.78,8.24,8.42,8.52,13.42
2024-09-12,6.54,15.18,5.66,6.93,8.22,8.34,8.68,13.22
2024-09-13,6.0,14.7,5.5,6.9,7.9,8.7,8.2,12.9
2024-09-14,6.0,14.7,5.5,6.9,7.9,8.7,8.2,12.9
2024-09-15,6.0,14.7,5.5,6.9,7.9,8.7,8.2,12.9
2024-09-16,6.02,15.13,5.68,6.59,7.95,8.87,8.33,13.88
2024-09-17,6.02,15.13,5.68,6.59,7.95,8.87,8.33,13.88
2024-09-18,5.44,14.57,6.06,6.82,7.52,8.62,7.71,13.22
2024-09-19,5.44,14.57,6.06,6.82,7.52,8.62,7.71,13.22
2024-09-20,5.5,14.65,6.05,7.34,7.51,8.85,7.79,13.3
2024-09-23,5.53,13.82,5.68,7.57,7.56,8.57,7.68,12.84
2024-09-24,5.4,13.5,6.0,7.0,7.3,8.7,8.0,12.3
2024-09-25,5.4,13.5,6.0,7.0,7.3,8.7,8.0,12.3
2024-09-26,4.8,13.0,5.7,7.5,7.0,8.4,7.9,12.2
2024-09-27,5.07,13.51,6.19,7.08,7.59,9.06,8.56,12.74
2024-09-28,5.07,13.51,6.19,7.08,7.59,9.06,8.56,12.74
2024-09-29,5.07,13.51,6.19,7.08,7.59,9.06,8.56,12.74
2024-09-30,4.8,13.38,5.99,6.37,7.37,8.82,8.29,12.73
2024-10-01,4.69,12.8,6.04,5.86,7.02,8.57,8.05,12.3
2024-10-02,4.69,12.8,6.04,5.86,7.02,8.57,8.05,12.3
2024-10-03,4.63,12.82,5.04,6.3,7.47,8.61,8.61,12.31
2024-10-04,4.63,12.82,5.04,6.3,7.47,8.61,8.61,12.31
2024-10-05,5.2,12.71,5.42,6.38,7.66,8.65,8.85,11.81
2024-10-06,5.2,12.71,5.42,6.38,7.66,8.65,8.85,11.81
2024-10-07,5.13,12.24,5.42,6.86,7.39,8.45,8.7,11.46
2024-10-08,5.13,12.24,5.42,6.86,7.39,8.45,8.7,11.46
2024-10-09,5.11,12.07,4.82,6.86,7.33,8.44,8.58,10.96
2024-10-10,5.36,12.13,4.09,7.97,7.66,8.55,8.79,10.83
2024-10-11,5.5,11.56,3.88,7.71,7.77,8.48,8.67,10.81
2024-10-12,5.5,11.56,3.88,7.71,7.77,8.48,8.67,10.81
2024-10-13,5.5,11.56,3.88,7.71,7.77,8.48,8.67,10.81
2024-10-14,5.69,11.33,3.92,7.86,7.6,8.36,8.91,10.38
2024-10-15,5.69,11.33,3.92,7.86,7.6,8.36,8.91,10.38
2024-10-16,5.6,11.0,4.2,8.0,7.4,8.1,8.9,10.6
2024-10-17,5.97,10.88,4.5,8.12,7.37,8.04,8.98,11.15
2024-10-18,6.68,11.3,4.79,7.89,7.64,8.4,9.27,11.06
2024-10-19,6.68,11.3,4.79,7.89,7.64,8.4,9.27,11.06
2024-10-20,6.68,11.3,4.79,7.89,7.64,8.4,9.27,11.06
2024-10-21,6.49,10.67,4.39,6.93,7.25,7.93,8.9,10.14
2024-10-22,6.24,10.6,4.4,6.78,7.31,7.85,8.83,10.5
2024-10-23,6.24,10.6,4.4,6.78,7.31,7.85,8.83,10.5
2024-10-24,6.29,10.62,4.05,6.71,7.35,7.81,8.76,10.56
2024-10-25,7.0,10.59,4.3,7.38,7.57,7.98,8.96,10.66
2024-10-26,7.0,10.59,4.3,7.38,7.57,7.98,8.96,10.66
2024-10-27,7.0,10.59,4.3,7.38,7.57,7.98,8.96,10.66
2024-10-28,7.0,10.59,4.3,7.38,7.57,7.98,8.96,10.66
2024-10-29,7.0,10.28,3.95,7.89,7.46,8.02,8.66,10.31
2024-10-30,7.27,10.24,4.12,7.52,7.68,8.0,8.73,10.01
2024-10-31,7.27,10.24,4.12,7.52,7.68,8.0,8.73,10.01
2024-11-01,7.14,10.57,3.57,7.49,7.68,8.1,8.48,10.14
2024-11-02,7.21,10.71,3.91,7.38,7.58,,8.47,9.68
2024-11-03,7.21,10.71,3.91,7.38,7.58,,8.47,9.68
2024-11-04,7.21,10.71,3.91,7.38,7.58,,8.47,9.68
2024-11-05,7.11,10.57,3.59,7.09,7.33,7.65,8.31,9.22
2024-11-06,7.02,10.43,3.64,6.69,7.09,7.45,8.11,9.34
2024-11-07,7.32,10.78,3.81,6.64,7.4,7.73,8.25,9.27
2024-11-08,7.59,10.59,3.47,6.84,7.44,7.56,8.23,9.4
2024-11-09,7.58,10.7,3.42,6.4,7.3,7.54,8.23,8.88
2024-11-10,7.58,10.7,3.42,6.4,7.3,7.54,8.23,8.88
2024-11-11,7.58,10.7,3.42,6.4,7.3,7.54,8.23,8.88
2024-11-12,7.75,10.49,3.34,6.44,7.19,7.56,8.15,9.02
2024-11-13,7.56,10.6,3.39,6.15,6.97,7.51,8.08,9.13
2024-11-14,7.76,10.73,3.61,6.44,7.04,7.59,8.27,9.37
2024-11-15,7.74,10.64,3.41,6.26,7.02,7.63,8.1,9.62
2024-11-16,7.91,10.84,3.72,5.75,7.04,7.65,8.05,9.53
2024-11-17,7.91,10.84,3.72,5.75,7.04,7.65,8.05,9.53
2024-11-18,7.91,10.84,3.72,5.75,7.04,7.65,8.05,9.53
2024-11-19,7.59,10.63,3.07,5.32,6.7,7.55,7.85,9.37
2024-11-20,7.57,10.39,3.49,5.83,6.5,7.22,7.68,9.05
2024-11-21,7.5,10.42,3.33,5.68,6.68,7.4,7.78,9.32
2024-11-22,7.94,10.9,4.34,6.77,7.06,7.81,8.3,9.72
2024-11-23,7.94,10.9,4.34,6.77,7.06,7.81,8.3,9.72
2024-11-24,7.94,10.9,4.34,6.77,7.06,7.81,8.3,9.72
2024-11-25,7.94,10.9,4.34,6.77,7.06,7.81,8.3,9.72
2024-11-26,7.65,10.85,4.05,7.13,6.84,7.8,8.17,9.31
2024-11-27,7.4,10.58,3.95,6.12,6.57,7.41,7.54,9.02
2024-11-28,7.2,10.32,3.69,5.68,6.47,7.36,7.45,9.13
2024-11-29,7.28,10.14,3.74,5.28,6.36,7.05,7.23,9.54
2024-11-30,7.22,10.57,3.98,5.21,6.37,7.22,7.22,9.38
2024-12-01,7.22,10.57,3.98,5.21,6.37,7.22,7.22,9.38
2024-12-02,7.22,10.57,3.98,5.21,6.37,7.22,7.22,9.38
2024-12-03,7.82,11.64,4.2,5.31,7.01,7.76,7.69,10.12
2024-12-04,6.92,11.51,4.01,4.95,6.95,7.64,7.61,10.08
2024-12-05,6.92,11.51,4.01,4.95,6.95,7.64,7.61,10.08
2024-12-06,7.08,11.31,4.0,4.91,6.91,7.52,7.71,10.25
2024-12-07,7.57,11.68,4.42,5.66,7.52,7.83,8.14,10.56
2024-12-08,7.57,11.68,4.42,5.66,7.52,7.83,8.14,10.56
2024-12-09,7.57,11.68,4.42,5.66,7.52,7.83,8.14,10.56
2024-12-10,7.33,11.85,4.26,5.35,7.62,7.87,7.79,10.34
2024-12-11,6.94,11.25,4.33,4.44,7.47,7.57,7.27,10.08
2024-12-12,6.28,11.52,4.38,4.01,7.67,7.62,7.65,11.14
2024-12-13,6.28,11.52,4.38,4.01,7.67,7.62,7.65,11.14
2024-12-14,6.26,11.48,4.63,4.09,7.44,7.41,7.63,11.03
2024-12-15,6.26,11.48,4.63,4.09,7.44,7.41,7.63,11.03
2024-12-16,6.26,11.48,4.63,4.09,7.44,7.41,7.63,11.03
2024-12-17,5.44,11.0,3.95,4.29,7.19,7.03,7.25,10.65
2024-12-18,5.4,10.2,3.75,3.89,7.11,6.81,7.11,10.55
2024-12-19,5.16,10.22,3.91,3.85,7.03,6.78,7.06,10.66
2024-12-20,5.09,10.29,4.03,4.36,7.17,6.86,7.19,10.82
2024-12-21,4.87,9.8,3.63,4.68,6.89,6.5,6.73,10.56
2024-12-22,4.87,9.8,3.63,4.68,6.89,6.5,6.73,10.56
2024-12-23,4.87,9.8,3.63,4.68,6.89,6.5,6.73,10.56
2024-12-24,4.66,9.75,3.38,4.95,6.79,6.41,6.69,9.99
2024-12-25,4.54,9.47,3.72,4.4,6.51,5.97,6.31,10.04
2024-12-26,4.54,9.47,3.72,4.4,6.51,5.97,6.31,10.04
2024-12-27,4.54,9.47,3.72,4.4,6.51,5.97,6.31,10.04
2024-12-28,4.54,9.47,3.72,4.4,6.51,5.97,6.31,10.04
2024-12-29,4.54,9.47,3.72,4.4,6.51,5.97,6.31,10.04
2024-12-30,4.27,9.02,4.43,5.31,6.55,5.8,6.68,9.35
2024-12-31,3.8,8.97,3.47,5.43,6.41,5.64,6.68,9.35
2025-01-01,3.8,8.97,3.47,5.43,6.41,5.64,6.68,9.35
2025-01-02,3.8,8.97,3.47,5.43,6.41,5.64,6.68,9.35
2025-01-03,3.17,8.43,3.04,6.23,6.37,5.29,6.68,7.71
2025-01-04,3.17,8.43,3.04,6.23,6.37,5.29,6.68,7.71
2025-01-05,3.17,8.43,3.04,6.23,6.37,5.29,6.68,7.71
2025-01-06,2.74,7.6,2.38,5.64,5.75,4.51,6.09,6.74
2025-01-07,2.34,7.58,2.02,6.08,5.62,4.62,6.09,6.8
2025-01-08,2.34,7.58,2.02,6.08,5.62,4.62,6.09,6.8
2025-01-09,2.36,7.66,2.51,6.96,5.71,4.59,6.39,6.93
2025-01-10,2.36,7.66,2.51,6.96,5.71,4.59,6.39,6.93
2025-01-11,2.5,7.95,2.6,7.44,5.92,4.63,6.69,6.84
2025-01-12,2.5,7.95,2.6,7.44,5.92,4.63,6.69,6.84
2025-01-13,2.54,8.05,2.53,7.0,5.58,4.57,6.28,6.6
2025-01-14,2.54,8.05,2.53,7.0,5.58,4.57,6.28,6.6
2025-01-15,2.24,8.21,2.31,6.85,5.56,4.32,6.22,6.23
2025-01-16,2.32,8.19,2.24,7.0,5.57,4.43,6.22,6.06
2025-01-17,2.46,8.02,2.25,6.93,5.56,4.12,6.24,6.06
2025-01-18,2.33,8.29,1.95,6.08,5.55,4.16,6.35,6.48
2025-01-19,2.33,8.29,1.95,6.08,5.55,4.16,6.35,6.48
2025-01-20,2.33,8.29,1.95,6.08,5.55,4.16,6.35,6.48
2025-01-21,2.74,8.5,2.53,6.52,5.44,4.11,5.84,6.74
2025-01-22,2.65,8.66,2.53,6.67,5.59,4.13,5.7,6.76
2025-01-23,2.69,8.97,2.58,6.45,5.44,4.11,5.47,6.75
2025-01-24,2.69,8.97,2.58,6.45,5.44,4.11,5.47,6.75
2025-01-25,2.88,9.33,2.78,6.49,5.62,4.37,5.66,7.01
2025-01-26,2.88,9.33,2.78,6.49,5.62,4.37,5.66,7.01
2025-01-27,3.1,9.51,3.01,6.38,5.45,4.29,5.86,7.26
2025-01-28,3.1,9.51,3.01,6.38,5.45,4.29,5.86,7.26
2025-01-29,3.06,9.48,3.05,5.71,5.29,4.12,5.68,7.18
2025-01-30,3.17,9.66,3.16,5.93,5.3,4.21,5.66,7.19
2025-01-31,3.17,9.66,3.16,5.93,5.3,4.21,5.66,7.19
2025-02-01,3.68,9.95,3.54,5.79,5.33,4.27,5.64,7.65
2025-02-02,3.68,9.95,3.54,5.79,5.33,4.27,5.64,7.65
2025-02-03,3.68,9.95,3.54,5.79,5.33,4.27,5.64,7.65
2025-02-04,3.82,10.54,3.86,5.56,5.29,4.32,5.83,7.82
2025-02-05,3.64,10.45,3.89,5.48,5.13,4.22,5.83,7.61
2025-02-06,3.64,10.77,3.91,5.88,5.12,4.17,6.09,7.99
2025-02-07,3.86,11.04,4.13,5.92,5.13,4.33,5.97,8.18
2025-02-08,4.12,11.08,4.55,5.41,5.12,4.23,5.81,8.03
2025-02-09,4.12,11.08,4.55,5.41,5.12,4.23,5.81,8.03
2025-02-10,4.12,11.08,4.55,5.41,5.12,4.23,5.81,8.03
2025-02-11,4.56,11.42,4.83,5.7,5.33,4.5,5.93,8.46
2025-02-12,4.71,11.52,5.38,5.66,5.29,4.42,5.91,8.79
2025-02-13,4.66,11.65,5.41,5.66,5.21,4.54,6.01,9.63
2025-02-14,4.84,11.91,5.94,5.84,5.29,4.57,6.15,9.65
2025-02-15,5.09,1.0,6.3,7.35,5.35,4.78,6.42,9.76
2025-02-16,5.09,1.0,6.3,7.35,5.35,4.78,6.42,9.76
2025-02-17,5.09,1.0,6.3,7.35,5.35,4.78,6.42,9.76
2025-02-18,4.43,11.88,5.37,5.27,4.87,4.33,6.06,9.94
2025-02-19,4.43,11.88,5.37,5.27,4.87,4.33,6.06,9.94
2025-02-20,4.6,12.46,5.9,5.34,5.12,4.65,6.23,10.19
2025-02-21,4.6,12.46,5.9,5.34,5.12,4.65,6.23,10.19
2025-02-22,4.72,12.6,6.0,5.74,5.11,4.65,6.6,10.57
2025-02-23,4.72,12.6,6.0,5.74,5.11,4.65,6.6,10.57
2025-02-24,4.72,12.6,6.0,5.74,5.11,4.65,6.6,10.57
2025-02-25,4.94,12.41,5.91,5.52,4.65,4.41,6.25,10.41
2025-02-26,4.76,12.18,5.6,5.38,4.53,4.22,6.17,10.3
2025-02-27,4.68,12.03,4.79,5.95,4.28,4.09,5.68,10.66
2025-02-28,4.68,12.03,4.79,5.95,4.28,4.09,5.68,10.66
2025-03-01,5.43,12.47,5.47,5.92,4.45,4.35,5.86,10.54
2025-03-02,5.43,12.47,5.47,5.92,4.45,4.35,5.86,10.54
2025-03-03,5.43,12.47,5.47,5.92,4.45,4.35,5.86,10.54
2025-03-04,5.39,12.54,5.58,5.45,4.49,4.37,5.76,11.09
2025-03-05,5.12,12.27,5.39,4.66,4.21,4.14,5.72,11.12
2025-03-06,5.17,12.31,5.55,4.44,4.39,4.29,6.07,11.44
2025-03-07,5.28,12.42,5.4,4.84,4.45,4.27,6.19,11.31
2025-03-08,5.28,12.42,5.4,4.84,4.45,4.27,6.19,11.31
2025-03-09,5.28,12.42,5.4,4.84,4.45,4.27,6.19,11.31
2025-03-10,4.88,12.39,4.75,5.09,4.36,4.4,6.38,10.94
2025-03-11,4.88,12.39,4.75,5.09,4.36,4.4,6.38,10.94
2025-03-12,4.78,12.1,5.12,5.31,4.29,4.44,6.41,11.24
2025-03-13,4.78,12.1,5.12,5.31,4.29,4.44,6.41,11.24
2025-03-14,4.8,12.14,5.35,5.2,4.29,4.48,6.64,11.26
2025-03-15,4.8,12.14,5.35,5.2,4.29,4.48,6.64,11.26
2025-03-16,4.8,12.14,5.35,5.2,4.29,4.48,6.64,11.26
2025-03-17,4.8,12.14,5.35,5.2,4.29,4.48,6.64,11.26
2025-03-18,4.93,12.27,5.39,4.76,4.63,4.74,6.9,11.67
2025-03-19,4.76,12.31,5.32,5.45,4.48,4.72,6.94,11.67
2025-03-20,4.76,12.31,5.32,5.45,4.48,4.72,6.94,11.67
2025-03-21,4.78,12.31,5.1,5.05,4.5,4.59,6.99,11.63
2025-03-22,4.71,12.07,4.93,5.31,4.55,4.62,7.14,11.5
2025-03-23,4.71,12.07,4.93,5.31,4.55,4.62,7.14,11.5
2025-03-24,4.71,12.07,4.93,5.31,4.55,4.62,7.14,11.5
2025-03-25,4.28,11.21,4.56,4.98,4.22,4.17,6.94,10.46
2025-03-26,4.28,11.21,4.56,4.98,4.22,4.17,6.94,10.46
2025-03-27,4.37,11.34,4.75,5.34,4.43,4.19,6.98,10.76
2025-03-28,4.46,11.3,4.59,5.41,4.43,4.14,6.8,10.41
2025-03-29,4.46,11.3,4.59,5.41,4.43,4.14,6.8,10.41
2025-03-30,4.46,11.3,4.59,5.41,4.43,4.14,6.8,10.41
2025-03-31,4.6,11.38,4.46,5.56,4.88,4.53,7.24,10.7
2025-04-01,4.58,11.98,4.43,5.62,4.7,4.46,7.41,10.91
2025-04-02,4.57,11.95,4.19,5.81,4.77,4.54,7.44,10.98
2025-04-03,4.57,11.95,4.19,5.81,4.77,4.54,7.44,10.98
2025-04-04,6.0,11.9,3.8,5.9,4.6,4.5,7.3,10.6
2025-04-05,4.7,11.8,4.0,5.5,4.8,4.5,7.3,10.5
2025-04-06,4.7,11.8,4.0,5.5,4.8,4.5,7.3,10.5
2025-04-07,4.11,11.96,3.11,5.14,4.52,4.35,6.91,9.69
2025-04-08,3.96,12.04,3.1,5.18,4.73,4.56,7.05,10.15
2025-04-09,3.97,11.85,3.18,5.25,4.6,4.47,7.04,10.34
2025-04-10,3.97,11.85,3.18,5.25,4.6,4.47,7.04,10.34
2025-04-11,4.17,12.13,3.22,4.92,4.65,4.42,6.92,10.79
2025-04-12,4.17,12.13,3.22,4.92,4.65,4.42,6.92,10.79
2025-04-13,4.17,12.13,3.22,4.92,4.65,4.42,6.92,10.79
2025-04-14,4.17,12.13,3.22,4.92,4.65,4.42,6.92,10.79
2025-04-15,4.17,12.13,3.22,4.92,4.65,4.42,6.92,10.79
2025-04-16,3.74,11.49,2.3,4.8,4.29,4.03,5.95,10.38
2025-04-17,3.74,11.49,2.3,4.8,4.29,4.03,5.95,10.38
2025-04-18,3.79,11.15,2.59,4.54,4.4,3.77,6.01,10.19
2025-04-19,3.79,11.15,2.59,4.54,4.4,3.77,6.01,10.19
2025-04-20,3.79,11.15,2.59,4.54,4.4,3.77,6.01,10.19
2025-04-21,3.79,11.15,2.59,4.54,4.4,3.77,6.01,10.19
2025-04-22,3.79,11.15,2.59,4.54,4.4,3.77,6.01,10.19
2025-04-23,3.7,11.9,3.1,6.1,5.0,4.3,7.5,10.8
2025-04-24,3.0,11.1,2.8,4.5,4.4,3.7,7.2,9.9
2025-04-25,3.0,11.1,2.8,4.5,4.4,3.7,7.2,9.9
2025-04-26,3.2,11.1,3.0,4.6,4.5,3.9,7.3,10.0
2025-04-27,3.2,11.1,3.0,4.6,4.5,3.9,7.3,10.0
2025-04-28,3.3,10.7,2.5,4.9,4.1,3.7,7.1,9.5
2025-04-29,3.4,10.7,3.0,5.1,4.4,3.9,7.2,9.3
2025-04-30,3.4,10.7,3.0,5.1,4.4,3.9,7.2,9.3
2025-05-01,2.9,10.5,3.4,5.1,4.1,3.7,6.8,8.8
2025-05-02,3.0,10.6,3.4,4.8,4.1,3.7,7.1,8.7
2025-05-03,3.0,10.6,3.4,4.8,4.1,3.7,7.1,8.7
2025-05-04,3.0,10.6,3.4,4.8,4.1,3.7,7.1,8.7
2025-05-05,3.0,10.6,3.4,4.8,4.1,3.7,7.1,8.7
2025-05-06,3.0,10.6,3.4,4.8,4.1,3.7,7.1,8.7
2025-05-07,3.0,11.0,4.3,5.9,4.3,3.7,7.4,9.4
2025-05-08,2.4,10.0,3.9,4.9,3.8,3.2,6.9,9.1
2025-05-09,2.4,10.2,4.1,5.3,3.9,3.4,7.1,9.5
2025-05-10,2.4,10.2,4.1,5.3,3.9,3.4,7.1,9.5
2025-05-11,2.4,10.2,4.1,5.3,3.9,3.4,7.1,9.5
2025-05-12,2.5,10.0,4.4,5.1,3.8,3.4,7.2,9.5
2025-05-13,2.5,10.0,4.4,5.1,3.8,3.4,7.2,9.5
2025-05-14,2.3,10.1,4.2,5.7,3.9,3.6,7.3,9.7
2025-05-15,2.5,10.0,4.1,5.6,3.8,3.6,7.6,9.7
2025-05-16,2.6,10.2,4.2,5.7,3.8,3.6,7.9,9.9
2025-05-17,2.6,10.2,4.2,5.7,3.8,3.6,7.9,9.9
2025-05-18,2.6,10.2,4.2,5.7,3.8,3.6,7.9,9.9
2025-05-19,2.2,9.9,3.8,5.3,3.6,3.3,7.6,9.4
2025-05-20,2.1,10.1,3.8,4.4,3.7,3.4,7.5,9.9
2025-05-21,2.0,10.2,3.5,3.8,3.7,3.4,7.5,9.8
2025-05-22,2.2,10.0,3.3,3.4,3.8,3.4,7.4,9.8
2025-05-23,2.3,10.1,3.3,3.6,3.8,3.4,7.5,9.9
2025-05-24,2.3,10.1,3.3,3.6,3.8,3.4,7.5,9.9
2025-05-25,2.3,10.1,3.3,3.6,3.8,3.4,7.5,9.9
2025-05-26,2.3,10.1,3.3,3.6,3.8,3.4,7.5,9.9
2025-05-27,3.0,10.2,3.8,3.4,3.9,3.6,7.7,9.8
2025-05-28,2.5,10.2,3.2,2.9,3.9,3.7,7.6,9.7.
2025-05-29,2.6,10.1,3.2,2.8,3.8,3.5,7.5,9.2
2025-05-30,2.6,10.1,3.2,2.8,3.8,3.5,7.5,9.2
2025-05-31,2.6,9.7,3.2,2.4,3.5,3.3,7.3,8.8
2025-06-01,2.6,9.7,3.2,2.4,3.5,3.3,7.3,8.8
2025-06-02,2.8,9.8,3.4,2.4,3.4,3.3,7.2,8.5
2025-06-03,2.7,9.9,3.2,2.7,3.5,3.5,7.4,8.6
2025-06-04,2.7,9.9,3.2,2.7,3.5,3.5,7.4,8.6
2025-06-05,3.0,10.1,3.5,2.9,3.7,3.8,7.6,9.1
2025-06-06,3.0,10.1,3.5,2.9,3.7,3.8,7.6,9.1
2025-06-07,3.0,10.2,2.8,3.0,3.8,3.9,7.8,9.8
2025-06-08,3.0,10.2,2.8,3.0,3.8,3.9,7.8,9.8
2025-06-09,3.4,10.3,2.9,3.7,3.7,3.8,7.5,9.8
2025-06-10,3.4,10.3,2.9,3.7,3.7,3.8,7.5,9.8
2025-06-11,3.2,10.3,2.9,4.9,4.0,4.0,7.5,9.8
2025-06-12,3.3,10.2,2.4,4.4,4.2,4.0,7.5,9.7
2025-06-13,3.4,10.3,2.6,4.6,4.3,4.0,7.6,9.9
2025-06-14,3.4,10.3,2.6,4.6,4.3,4.0,7.6,9.9
2025-06-15,3.4,10.3,2.6,4.6,4.3,4.0,7.6,9.9
2025-06-16,3.9,10.5,2.9,4.4,4.5,4.2,7.4,9.7
2025-06-17,4.1,10.5,3.0,4.3,4.7,4.2,7.3,9.6
2025-06-18,4.1,10.5,3.0,4.3,4.7,4.2,7.3,9.6
2025-06-19,4.2,10.6,2.6,4.5,4.9,4.3,7.3,9.7
2025-06-20,4.5,10.9,2.9,4.9,5.2,4.5,7.6,10.1
2025-06-21,4.5,10.9,2.9,4.9,5.2,4.5,7.6,10.1
2025-06-22,4.5,10.9,2.9,4.9,5.2,4.5,7.6,10.1
2025-06-24,4.3,10.3,2.6,4.6,5.0,4.3,7.8,9.9
2025-06-25,4.0,10.4,2.7,4.9,5.0,4.4,7.8,10.3
2025-06-26,3.6,10.1,2.7,5.1,5.0,4.2,7.8,10.3
2025-06-27,3.6,10.2,2.9,5.0,5.0,4.3,7.8,10.0
2025-06-28,3.6,10.2,2.9,5.0,5.0,4.3,7.8,10.0
2025-06-29,3.6,10.2,2.9,5.0,5.0,4.3,7.8,10.0
2025-06-30,3.9,10.1,3.5,5.6,5.0,4.2,7.7,9.5
2025-07-01,3.9,10.1,3.5,5.6,5.0,4.2,7.7,9.5
2025-07-02,4.0,10.2,4.0,6.2,5.2,4.3,8.0,9.9
2025-07-03,4.0,10.4,4.2,6.2,5.4,4.6,8.1,10.3
2025-07-04,4.0,10.2,4.0,6.2,5.2,4.3,8.0,9.9
2025-07-05,4.0,10.2,4.0,6.2,5.2,4.3,8.0,9.9
2025-07-06,4.0,10.2,4.0,6.2,5.2,4.3,8.0,9.9
2025-07-07,4.1,10.8,4.9,6.5,5.4,4.7,8.2,10.9
2025-07-08,4.1,10.8,4.9,6.5,5.4,4.7,8.2,10.9
2025-07-09,3.9,10.8,4.8,6.6,5.7,5.0,8.4,11.5
2025-07-10,4.0,10.2,4.0,6.2,5.2,4.3,8.0,9.9
2025-07-11,4.2,10.9,4.7,7.3,5.9,5.1,8.5,11.3
2025-07-12,4.1,11.1,4.7,7.0,5.9,5.1,8.6,11.6
2025-07-13,4.1,11.1,4.7,7.0,5.9,5.1,8.6,11.6
2025-07-14,4.1,11.1,4.7,7.0,5.9,5.1,8.6,11.6
2025-07-15,4.2,11.7,4.1,6.7,5.7,4.7,8.4,11.0
2025-07-16,4.2,11.7,3.9,6.2,5.8,4.8,8.4,10.9
2025-07-17,4.0,11.4,4.0,6.5,5.7,4.7,8.1,11.0
2025-07-18,4.0,11.4,4.0,6.5,5.7,4.7,8.1,11.0
2025-07-19,4.1,11.5,4.3,7.2,6.0,4.9,8.2,10.8
2025-07-20,4.1,11.5,4.3,7.2,6.0,4.9,8.2,10.8
2025-07-21,4.1,11.9,4.2,6.8,6.0,5.0,8.1,11.4
2025-07-22,4.1,11.9,4.2,6.8,6.0,5.0,8.1,11.4
2025-07-23,4.1,11.2,3.8,6.1,6.0,5.0,7.7,11.2
2025-07-24,4.1,11.2,3.8,6.1,6.0,5.0,7.7,11.2
2025-07-25,4.1,11.2,3.3,7.0,5.9,4.7,7.7,11.5
2025-07-26,4.1,11.2,3.3,7.0,5.9,4.7,7.7,11.5
2025-07-27,4.1,11.2,3.3,7.0,5.9,4.7,7.7,11.5
2025-07-28,4.1,11.2,3.3,7.0,5.9,4.7,7.7,11.5
2025-07-30,4.3,12.2,3.4,8.2,6.6,5.5,8.5,11.6
2025-07-31,4.3,12.2,3.4,8.2,6.6,5.5,8.5,11.6
2025-08-01,4.3,12.2,3.4,8.2,6.6,5.5,8.5,11.6
2025-08-02,4.8,12.9,4.5,9.2,7.1,5.9,8.9,12.7
2025-08-03,4.8,12.9,4.5,9.2,7.1,5.9,8.9,12.7
2025-08-04,5.1,13.7,4.6,9.3,7.4,6.1,9.2,14.0
2025-08-05,5.1,13.7,4.6,9.3,7.4,6.1,9.2,14.0
2025-08-06,5.1,13.7,4.6,9.3,7.4,6.1,9.2,14.0
2025-08-07,4.5,13.4,3.7,9.2,7.5,6.2,8.9,13.6
2025-08-08,5.0,13.7,3.8,9.4,7.7,6.3,8.8,13.6
2025-08-09,5.0,13.7,3.8,9.4,7.7,6.3,8.8,13.6
2025-08-10,5.0,13.7,3.8,9.4,7.7,6.3,8.8,13.6
2025-08-11,5.4,14.5,4.1,9.6,8.1,6.6,9.0,13.9
2025-08-12,5.4,14.5,4.1,9.6,8.1,6.6,9.0,13.9
2025-08-13,5.4,14.5,4.1,9.6,8.1,6.6,9.0,13.9
2025-08-14,4.7,13.9,3.5,9.2,7.9,6.2,8.8,13.8
2025-08-15,4.7,13.9,3.5,9.2,7.9,6.2,8.8,13.8
2025-08-16,4.3,13.5,3.3,9.0,7.9,6.0,8.7,13.5
2025-08-17,4.3,13.5,3.3,9.0,7.9,6.0,8.7,13.5
2025-08-18,4.5,14.0,3.4,8.6,8.2,6.3,8.8,14.0
2025-08-19,4.5,14.0,3.4,8.6,8.2,6.3,8.8,14.0
2025-08-20,4.3,13.9,3.9,8.6,8.1,6.3,8.4,13.4
2025-08-21,4.3,13.9,3.9,8.6,8.1,6.3,8.4,13.4
2025-08-22,3.9,13.8,3.8,9.7,8.2,6.0,9.1,13.3
2025-08-23,3.9,13.8,3.8,9.7,8.2,6.0,9.1,13.3
2025-08-24,3.9,13.8,3.8,9.7,8.2,6.0,9.1,13.3
2025-08-25,3.9,13.8,3.8,9.7,8.2,6.0,9.1,13.3
2025-08-26,3.9,13.8,3.8,9.7,8.2,6.0,9.1,13.3
2025-08-27,3.6,13.7,4.0,9.1,8.6,6.6,9.4,13.6
2025-08-28,3.6,13.7,4.0,9.1,8.6,6.6,9.4,13.6
2025-08-29,3.6,13.7,4.0,9.1,8.6,6.6,9.4,13.6
2025-08-30,3.0,13.3,3.4,8.8,8.1,6.0,9.2,13.9
2025-08-31,3.0,13.3,3.4,8.8,8.1,6.0,9.2,13.9
2025-09-01,3.5,13.5,4.0,7.9,8.1,6.2,9.3,13.0
2025-09-02,3.5,13.5,4.0,7.9,8.1,6.2,9.3,13.0
2025-09-03,3.5,13.5,4.0,7.9,8.1,6.2,9.3,13.0
2025-09-04,3.0,13.1,4.4,7.7,8.0,6.1,9.4,12.9
2025-09-05,3.0,13.1,4.4,7.7,8.0,6.1,9.4,12.9
2025-09-06,3.0,13.1,4.4,7.7,8.0,6.1,9.4,12.9
2025-09-07,3.0,13.1,4.4,7.7,8.0,6.1,9.4,12.9
2025-09-08,3.0,13.1,4.4,7.7,8.0,6.1,9.4,12.9
2025-09-09,3.6,13.5,4.6,7.4,8.7,7.0,9.6,13.2
2025-09-10,3.6,12.7,4.4,6.6,8.6,6.9,9.3,12.4
2025-09-11,3.6,12.7,4.4,6.6,8.6,6.9,9.3,12.4
2025-09-12,3.4,12.4,4.4,7.0,8.2,6.6,8.8,12.0
2025-09-13,3.4,12.4,4.4,7.0,8.2,6.6,8.8,12.0
2025-09-14,3.4,12.4,4.4,7.0,8.2,6.6,8.8,12.0
2025-09-15,3.2,12.2,4.2,6.6,8.4,6.9,8.9,12.0
2025-09-16,3.2,12.2,4.2,6.6,8.4,6.9,8.9,12.0
2025-09-17,3.2,12.2,4.2,6.6,8.4,6.9,8.9,12.0
2025-09-18,3.2,12.2,4.2,6.6,8.4,6.9,8.9,12.0
2025-09-19,3.1,11.8,3.7,6.6,8.3,6.8,8.5,11.7
2025-09-20,3.2,11.8,3.7,5.9,8.2,6.9,8.6,11.6
2025-09-21,3.2,11.8,3.7,5.9,8.2,6.9,8.6,11.6
2025-09-22,3.3,11.6,3.4,5.5,8.1,6.8,8.6,11.2
2025-09-23,3.3,11.6,3.4,5.5,8.1,6.8,8.6,11.2
2025-09-24,2.9,11.5,3.4,5.0,8.1,6.9,8.8,11.5
2025-09-25,2.9,11.5,3.4,5.0,8.1,6.9,8.8,11.5
2025-09-26,3.2,11.7,3.8,4.5,8.1,7.0,8.8,11.2
2025-09-27,3.2,11.7,3.8,4.5,8.1,7.0,8.8,11.2
2025-09-28,3.2,11.7,3.8,4.5,8.1,7.0,8.8,11.2
2025-09-29,3.4,12.3,3.3,5.2,8.3,7.3,8.8,11.5
2025-09-30,3.4,12.3,3.3,5.2,8.3,7.3,8.8,11.5
2025-10-01,3.4,12.3,3.3,5.2,8.3,7.3,8.8,11.5
2025-10-02,3.3,11.7,3.6,5.1,8.0,7.1,8.8,10.7
2025-10-03,3.3,11.7,3.6,5.1,8.0,7.1,8.8,10.7
2025-10-04,3.3,11.4,3.5,6.6,8.0,7.1,8.9,10.3
2025-10-05,3.3,11.4,3.5,6.6,8.0,7.1,8.9,10.3
2025-10-06,3.3,11.7,4.2,6.7,8.4,7.8,9.4,10.2
2025-10-07,3.3,11.7,4.2,6.7,8.4,7.8,9.4,10.2
2025-10-08,3.1,11.0,3.7,7.0,8.1,7.3,9.1,9.3
2025-10-09,3.1,11.0,3.7,7.0,8.1,7.3,9.1,9.3
2025-10-10,3.1,11.0,3.7,7.0,8.1,7.3,9.1,9.3
2025-10-11,3.1,10.6,3.9,7.0,8.2,7.4,8.7,9.1
2025-10-12,3.1,10.6,3.9,7.0,8.2,7.4,8.7,9.1
2025-10-13,3.2,11.1,4.1,7.0,8.5,8.0,8.9,9.6
2025-10-14,3.2,11.1,4.1,7.0,8.5,8.0,8.9,9.6
2025-10-15,3.2,11.1,4.1,7.0,8.5,8.0,8.9,9.6
2025-10-16,3.1,11.2,4.0,6.9,8.3,7.9,8.8,9.1
2025-10-17,3.1,11.3,3.7,6.5,8.5,7.9,8.8,8.9
2025-10-18,3.1,11.3,3.7,6.5,8.5,7.9,8.8,8.9
2025-10-19,3.1,11.3,3.7,6.5,8.5,7.9,8.8,8.9
2025-10-20,3.1,11.3,3.7,6.5,8.5,7.9,8.8,8.9
2025-10-21,3.4,11.5,3.8,6.1,8.6,8.3,8.8,9.0
2025-10-22,3.4,11.5,3.8,6.1,8.6,8.3,8.8,9.0
2025-10-23,3.4,11.5,3.8,6.1,8.6,8.3,8.8,9.0
2025-10-24,3.2,11.5,3.6,6.1,8.1,8.2,8.6,8.8
2025-10-25,3.2,11.5,3.6,6.1,8.1,8.2,8.6,8.8
2025-10-26,3.2,11.5,3.6,6.1,8.1,8.2,8.6,8.8
2025-10-27,3.2,11.5,3.6,6.1,8.1,8.2,8.6,8.8
2025-10-28,3.0,11.8,2.8,6.9,8.4,8.6,8.7,9.1
2025-10-29,3.0,11.8,2.8,6.9,8.4,8.6,8.7,9.1
2025-10-30,2.7,11.4,2.5,6.5,8.1,8.4,8.4,8.9
2025-10-31,2.7,11.4,2.5,6.5,8.1,8.4,8.4,8.9
2025-11-01,2.3,11.3,2.2,6.0,8.0,8.5,8.3,8.9
2025-11-02,2.3,11.3,2.2,6.0,8.0,8.5,8.3,8.9
2025-11-03,2.3,11.3,2.2,6.0,8.0,8.5,8.3,8.9
2025-11-04,3.0,12.0,3.8,6.7,8.4,8.9,8.6,8.8
2025-11-05,3.0,12.0,3.8,6.7,8.4,8.9,8.6,8.8
2025-11-06,2.3,10.9,2.8,5.7,7.8,8.0,7.9,8.0
2025-11-07,2.3,10.9,2.8,5.7,7.8,8.0,7.9,8.0
2025-11-08,2.8,11.2,3.6,6.2,7.8,8.0,8.0,8.5
2025-11-09,2.8,11.2,3.6,6.2,7.8,8.0,8.0,8.5
2025-11-10,2.9,11.7,3.9,6.7,8.2,8.3,8.3,8.9
2025-11-11,2.9,11.7,3.9,6.7,8.2,8.3,8.3,8.9
2025-11-12,2.9,11.7,3.9,6.7,8.2,8.3,8.3,8.9
2025-11-13,3.0,11.3,4.0,6.4,8.0,8.2,8.2,8.7
2025-11-14,3.0,11.3,4.0,6.4,8.0,8.2,8.2,8.7
2025-11-15,3.1,10.9,3.6,6.7,8.0,8.1,8.5,9.0
2025-11-16,3.1,10.9,3.6,6.7,8.0,8.1,8.5,9.0
2025-11-17,3.1,10.9,3.6,6.7,8.0,8.1,8.5,9.0
2025-11-18,3.5,10.9,3.4,6.9,8.2,8.1,8.6,9.2
2025-11-19,3.5,10.9,3.4,6.9,8.2,8.1,8.6,9.2
2025-11-20,3.8,11.3,3.4,7.8,8.3,8.2,9.0,9.0
2025-11-21,3.8,11.3,3.4,7.8,8.3,8.2,9.0,9.0
2025-11-22,4.4,11.5,4.6,7.5,8.6,8.6,9.6,9.8
2025-11-23,4.4,11.5,4.6,7.5,8.6,8.6,9.6,9.8
2025-11-24,4.4,11.5,4.6,7.5,8.6,8.6,9.6,9.8
2025-11-25,4.8,12.4,4.5,7.5,8.8,9.1,10.1,10.6
2025-11-26,4.8,12.4,4.5,7.5,8.8,9.1,10.1,10.6
2025-11-27,4.6,12.0,4.5,7.4,8.4,8.7,9.9,10.0
2025-11-28,4.6,12.0,4.5,7.4,8.4,8.7,9.9,10.0
2025-11-29,4.8,12.4,4.5,7.5,8.4,8.7,9.8,9.8
2025-11-30,4.8,12.4,4.5,7.5,8.4,8.7,9.8,9.8
2025-12-01,4.8,12.4,4.5,7.5,8.4,8.7,9.8,9.8
2025-12-02,5.3,13.3,5.5,7.2,8.5,9.0,10.1,9.8
2025-12-03,5.1,13.2,4.9,7.2,8.5,98.8,10.1,9.9
2025-12-04,5.1,13.2,4.9,7.2,8.5,98.8,10.1,9.9
2025-12-05,5.1,13.2,4.9,7.2,8.5,98.8,10.1,9.9
2025-12-06,5.2,13.1,4.5,6.6,8.6,9.0,10.0,9.8
2025-12-07,5.2,13.1,4.5,6.6,8.6,9.0,10.0,9.8
2025-12-08,5.2,13.1,4.5,6.6,8.6,9.0,10.0,9.8
2025-12-09,5.5,13.6,4.2,6.2,8.5,9.3,9.9,10.1
2025-12-10,5.5,13.6,4.2,6.2,8.5,9.3,9.9,10.1
2025-12-11,5.9,13.6,4.7,6.3,8.5,9.1,10.0,10.4
2025-12-12,5.9,13.6,4.7,6.3,8.5,9.1,10.0,10.4
2025-12-13,5.6,14.2,4.7,6.6,8.7,9.3,9.9,11.5
2025-12-14,5.6,14.2,4.7,6.6,8.7,9.3,9.9,11.5
2025-12-15,5.5,14.2,4.9,6.1,8.5,9.2,10.0,11.3
2025-12-16,5.5,14.2,4.9,6.1,8.5,9.2,10.0,11.3
2025-12-17,5.3,14.3,4.4,5.8,8.8,9.2,10.5,11.6
2025-12-18,5.3,14.3,4.4,5.8,8.8,9.2,10.5,11.6
2025-12-19,5.3,14.3,4.4,5.8,8.8,9.2,10.5,11.6
2025-12-20,5.1,14.0,3.6,6.0,8.8,9.3,10.8,11.5
2025-12-21,5.1,14.0,3.6,6.0,8.8,9.3,10.8,11.5
2025-12-22,5.1,14.0,3.6,6.0,8.8,9.3,10.8,11.5
2025-12-23,5.6,14.4,4.0,5.8,9.1,9.8,11.1,11.4
2025-12-24,5.6,14.4,4.0,5.8,9.1,9.8,11.1,11.4
2025-12-25,5.8,13.9,4.5,5.6,8.8,9.6,10.9,11.1
2025-12-26,5.8,13.9,4.5,5.6,8.8,9.6,10.9,11.1
2025-12-27,5.8,13.9,4.5,5.6,8.8,9.6,10.9,11.1
2025-12-28,5.8,13.9,4.5,5.6,8.8,9.6,10.9,11.1
2025-12-29,5.8,13.9,4.5,5.6,8.8,9.6,10.9,11.1
2025-12-30,6.2,14.0,4.9,5.2,9.7,10.6,11.9,12.0
2025-12-31,6.2,14.0,4.9,5.2,9.7,10.6,11.9,12.0
2026-01-01,5.1,12.8,3.8,4.6,8.9,9.7,11.3,11.1
2026-01-02,5.1,12.8,3.8,4.6,8.9,9.7,11.3,11.1
2026-01-03,5.4,12.5,3.6,5.0,9.0,9.6,11.1,11.0
2026-01-04,5.4,12.5,3.6,5.0,9.0,9.6,11.1,11.0
2026-01-05,5.0,12.4,3.6,4.6,8.9,9.5,11.1,11.1
2026-01-06,5.0,12.4,3.6,4.6,8.9,9.5,11.1,11.1
2026-01-07,5.0,12.4,3.6,4.6,8.9,9.5,11.1,11.1
2026-01-08,4.7,12.0,3.7,5.2,9.0,9.5,11.3,11.3
